vol_q,n,yes_rate
Q1,1564,0.3554987212276215
Q2,1563,0.3390914907229686
Q3,1563,0.3486884197056942
Q4,1563,0.344849648112604
Q5,1563,0.40818937939859246
